property,A,D,C,E,F,G,H,I,K,L,M,N,P,Q,R,S,T,V,W,Y
compressibility,-25.5,-33.12,-32.82,-36.17,-34.54,-27,-31.84,-31.78,-32.4,-31.78,-31.18,-30.9,-23.25,-32.6,-26.62,-29.88,-31.23,-30.62,-30.24,-35.01
t_hydrophobicity,0.87,0.66,1.52,0.67,2.87,0.1,0.87,3.15,1.64,2.17,1.67,0.09,2.77,0,0.85,0.07,0.07,1.87,3.77,2.67
s_hydrophobicity,13.05,11.1,14.3,11.41,13.89,12.2,12.42,15.34,11.01,14.19,13.62,11.72,11.06,11.78,12.4,11.68,12.12,14.73,13.96,13.57
polarity,0,49.7,1.48,49.9,0.35,0,51.6,0.1,49.5,0.13,1.43,3.38,1.58,3.53,52,1.67,1.66,0.13,2.1,1.61
isoelectric_point,6,2.77,5.05,5.22,5.48,5.97,7.59,6.02,9.74,5.98,5.74,5.41,6.3,5.65,10.76,5.68,5.66,5.96,5.89,5.66
pk,2.34,2.01,1.65,2.19,1.89,2.34,1.82,1.36,2.18,2.36,2.28,2.02,1.99,2.17,1.81,2.21,2.1,2.32,2.38,2.2
mw,89,133,121,147,165,75,155,131,146,131,149,132,115,146,174,105,119,117,204,181
bulkiness,11.5,11.68,13.46,13.57,19.8,3.4,13.67,21.4,15.71,21.4,16.25,12.82,17.43,14.45,14.28,9.47,15.77,21.57,21.61,18.03
chromatographic_index,9.9,2.8,2.8,3.2,18.8,5.6,8.2,17.1,3.5,17.6,14.7,5.4,14.8,9,4.6,6.9,9.5,14.3,17,15
refractive_index,14.34,12,35.77,17.26,29.4,0,21.81,19.06,21.29,18.78,21.64,13.28,10.93,17.56,26.66,6.35,11.01,13.92,42.53,31.55
n_hydrophobicity,0.62,0.9,0.29,-0.74,1.19,0.48,-0.4,1.38,-1.5,1.06,0.64,-0.78,0.12,-0.85,-2.53,-0.18,-0.05,1.08,0.81,0.26
sm_nonbonded_energy,1.4,1.16,1.37,1.16,1.14,1.36,1.22,1.19,1.07,1.32,1.3,1.18,1.24,1.12,0.92,1.3,1.25,1.25,1.03,1.03
l_nonbonded_energy,0.49,0.35,0.67,0.37,0.72,0.53,0.54,0.76,0.3,0.65,0.65,0.38,0.46,0.4,0.55,0.45,0.52,0.73,0.83,0.65
total_nonbonded_energy,1.9,1.52,2.04,1.54,1.86,1.9,1.76,1.95,1.37,1.97,1.96,1.56,1.7,1.52,1.48,1.75,1.77,1.98,1.87,1.69
helix_tendency,1.42,1.01,0.7,1.51,1.13,0.57,1,1.08,1.16,1.21,1.45,0.67,0.57,1.11,0.98,0.77,0.83,1.06,1.08,0.69
sheet_tendency,0.83,0.54,1.19,0.37,1.38,0.75,0.87,1.6,0.74,1.3,1.05,0.89,0.55,1.1,0.93,0.75,1.19,1.7,1.37,1.47
turn_tendency,0.66,1.46,1.19,0.74,0.6,1.56,0.95,0.47,1.01,0.59,0.6,1.56,1.52,0.98,0.95,1.43,0.96,0.5,0.96,1.14
coil_tendency,0.71,1.21,1.19,0.84,0.71,1.52,1.07,0.66,0.99,0.69,0.59,1.37,1.61,0.87,1.07,1.34,1.08,0.63,0.76,1.07
helical_contact_area,20,26,25,33,46,13,37,39,46,35,43,28,22,36,55,20,28,33,61,46
fluctuational_displacement,0.96,1.14,0.87,1.07,0.69,1.16,0.8,0.76,1.14,0.79,0.78,1.04,1.16,1.07,1.05,1.13,0.96,0.79,0.77,1.01
buriedness,0.38,0.14,0.57,0.09,0.51,0.38,0.31,0.56,0.04,0.5,0.42,0.15,0.18,0.11,0.07,0.23,0.23,0.48,0.4,0.26
sa_reduction_ratio,3.7,2.6,3.03,3.3,6.6,3.13,3.57,7.69,1.79,5.88,5.21,2.12,2.12,2.7,2.53,2.43,2.6,7.14,6.25,3.03
avg_surrounding_residues,6.05,4.95,7.86,5.1,6.62,6.16,5.8,7.51,4.88,7.37,6.39,5.04,5.65,5.45,5.7,5.53,5.81,7.62,6.98,6.73
loc_n_helix_tendency,1.59,0.53,0.33,1.45,1.14,0.53,0.89,1.22,1.13,1.91,1.25,0.53,0,0.98,0.67,0.7,0.75,1.42,1.33,0.58
loc_c_helix_tendency,1.44,2.13,0.76,2.01,1.01,0.62,0.56,0.68,0.59,0.58,0.73,0.93,2.19,1.2,0.39,0.81,1.25,0.63,1.4,0.72
loc_m_helix_tendency,1.22,0.56,1.53,1.28,1.13,0.4,2.23,0.77,1.65,1.05,1.47,0.93,0,1.63,1.59,0.87,0.46,1.2,0.46,0.52
partial_specific_volume,60.46,73.83,67.7,85.88,121.48,43.25,98.79,107.72,108.5,107.75,105.35,78.01,82.83,93.9,127.34,60.62,76.83,90.78,143.91,123.6
avg_med_contacts,2.11,1.8,1.88,2.09,1.98,1.53,1.98,1.77,1.96,2.19,2.27,1.84,1.32,2.03,1.94,1.57,1.57,1.63,1.9,1.67
avg_long_contacts,3.92,2.85,5.55,2.72,4.53,4.31,3.77,5.58,2.79,4.59,4.14,3.64,3.57,3.06,3.78,3.75,4.09,5.43,4.83,4.93
surrounding_hydrophobicity,13.85,11.61,15.37,11.38,13.93,13.34,13.82,15.28,11.58,14.13,13.86,13.02,12.35,12.61,13.1,13.39,12.7,14.56,15.48,13.88
asa_denaturated,104,132.2,132.5,161.9,182,73.4,165.8,171.5,195.2,161.4,189.8,134.9,135.1,164.9,210.2,111.4,130.4,143.9,208.8,196.4
asa_native,33.2,62.4,17.9,81,33.1,29.2,57.7,28.3,107.5,31.1,41.3,60.5,60.7,71.5,94.5,48.7,52,28.1,39.5,50.4
asa_unfolding,70.9,69.6,114.3,80.5,148.4,44,107.9,142.7,87.5,129.8,147.9,74,73.5,93.3,116,62.8,78,115.6,167.8,145.9
delta_g_hydration_unfolding,-0.54,-2.97,-1.64,-3.71,-1.06,-0.59,-3.38,0.32,-2.19,0.27,-0.6,-3.55,0.32,-3.92,-5.96,-3.82,-1.97,0.13,-3.8,-5.64
delta_g_hydration_denaturated,-0.58,-6.1,-1.91,7.37,-1.35,-0.82,-5.57,0.4,-5.97,0.35,-0.71,-6.63,0.56,-7.12,-12.78,-6.18,-3.66,0.18,-4.71,-8.45
delta_g_hydration_native,-0.06,-3.11,-0.27,-3.62,-0.28,-0.23,-2.18,0.07,-1.7,0.07,-0.1,-3.03,0.23,-3.15,-6.85,-2.36,-1.69,0.04,-0.88,-2.82
unfolding_enthalpy_change_hydration,-2.24,-4.54,-3.43,-5.63,-5.11,-1.46,-6.83,-3.84,-5.02,-3.52,-4.16,-5.68,-1.95,-6.23,-10.43,-5.94,-4.39,-3.15,-8.99,-10.67
unfolding_entropy_change_hydration,1.7,1.57,1.79,1.92,4.05,0.87,3.45,4.16,2.83,3.79,3.56,2.13,2.27,2.31,4.47,2.12,2.42,3.28,5.19,5.03
unfolding_hydration_heat_capacity_change,14.22,2.73,9.41,3.17,39.06,4.88,20.05,41.98,17.68,38.26,31.67,3.91,23.69,3.74,16.66,6.14,16.11,32.58,37.69,30.54
unfolding_gibbs_chain,0.51,2.89,2.71,3.58,3.22,0.68,3.95,-0.4,1.87,-0.35,1.13,3.26,-0.39,3.69,5.25,3.42,1.74,-0.19,5.59,6.56
unfolding_enthalpy_chain,2.77,4.72,8.64,5.69,11.93,1.23,7.64,4.03,3.57,3.69,7.06,3.64,1.97,4.47,6.03,5.8,4.42,3.45,13.46,14.41
unfolding_entropy_chain,-2.25,-1.83,-5.92,-2.11,-8.71,-0.55,-3.69,-4.42,-1.7,-4.04,-5.93,-0.39,-2.36,-0.78,-0.78,-2.38,-2.68,-3.64,-7.87,-7.95
unfolding_gibbs,-0.02,-0.08,1.08,-0.13,2.16,0.09,0.56,-0.08,-0.32,-0.08,0.53,-0.3,-0.06,-0.23,-0.71,-0.4,-0.24,-0.06,1.78,0.91
unfolding_enthalpy,0.51,0.18,5.21,0.05,6.82,-0.23,0.79,0.19,-1.45,0.17,2.89,-2.03,0.02,-1.76,-4.4,-0.16,0.04,0.3,4.47,3.73
unfolding_entropy,-0.54,-0.26,-4.14,-0.19,-4.66,0.31,-0.23,-0.27,1.13,-0.24,-2.36,1.74,-0.08,1.53,3.69,-0.24,-0.28,-0.36,-2.69,-2.82
volume,1,4,2,5,7,0,6,4,5,4,4,4,3,5,7,2,3,3,10,8
shape,0,2,0,3,2,0,2,1,0,2,0,2,0,3,5,0,1,1,2,2
flexibility,0,2,1,3,2,0,2,2,4,2,3,2,0,3,5,1,1,1,2,2